"0","TEXT_FESVLT202_02219_SEQ_00","※本任務是特定期間內的任務。<hex:02100103><hex:02100103>利姆薩．羅敏薩的愛情傳教士想要確認冒險者是否準備完畢。"
"1","TEXT_FESVLT202_02219_SEQ_01","※本任務只有在季節活動開放期間才能接受和進行。<hex:02100103>　季節活動結束後無法進行，敬請注意。<hex:02100103>　詳情請參見官方網站。<hex:02100103><hex:02100103>與愛情傳教士對話後，獲得了<hex:022811FF0A4576656E744974656DF61E8C120103>。和配對對象組成「2人小隊」，並在裝備了<hex:02280AFF054974656DF1350103>或<hex:02280BFF054974656DF233F30103>的狀態下，分別與艦尾樓的溫和的占卜師、美豔的占卜師以及粗魯的占卜師對話，請她們占卜冒險機緣、寶藏運勢和愛情姻緣。"
"2","TEXT_FESVLT202_02219_SEQ_02","請占卜師們占卜了與配對對象的運勢。向艦尾樓的愛情傳教士報告。"
"3","TEXT_FESVLT202_02219_SEQ_03","向愛情傳教士報告完畢。莉賽特似乎在到處尋找冒險者。到底是發生了什麼事呢……"
"4","TEXT_FESVLT202_02219_SEQ_04",""
"5","TEXT_FESVLT202_02219_SEQ_05",""
"6","TEXT_FESVLT202_02219_SEQ_06",""
"7","TEXT_FESVLT202_02219_SEQ_07",""
"8","TEXT_FESVLT202_02219_SEQ_08",""
"9","TEXT_FESVLT202_02219_SEQ_09",""
"10","TEXT_FESVLT202_02219_SEQ_10",""
"11","TEXT_FESVLT202_02219_SEQ_11",""
"12","TEXT_FESVLT202_02219_SEQ_12",""
"13","TEXT_FESVLT202_02219_SEQ_13",""
"14","TEXT_FESVLT202_02219_SEQ_14",""
"15","TEXT_FESVLT202_02219_SEQ_15",""
"16","TEXT_FESVLT202_02219_SEQ_16",""
"17","TEXT_FESVLT202_02219_SEQ_17",""
"18","TEXT_FESVLT202_02219_SEQ_18",""
"19","TEXT_FESVLT202_02219_SEQ_19",""
"20","TEXT_FESVLT202_02219_SEQ_20",""
"21","TEXT_FESVLT202_02219_SEQ_21",""
"22","TEXT_FESVLT202_02219_SEQ_22",""
"23","TEXT_FESVLT202_02219_SEQ_23",""
"24","TEXT_FESVLT202_02219_TODO_00","組成2人小隊並裝備上指定耳墜和占卜師對話"
"25","TEXT_FESVLT202_02219_TODO_01","向愛情傳教士報告"
"26","TEXT_FESVLT202_02219_TODO_02",""
"27","TEXT_FESVLT202_02219_TODO_03",""
"28","TEXT_FESVLT202_02219_TODO_04",""
"29","TEXT_FESVLT202_02219_TODO_05",""
"30","TEXT_FESVLT202_02219_TODO_06",""
"31","TEXT_FESVLT202_02219_TODO_07",""
"32","TEXT_FESVLT202_02219_TODO_08",""
"33","TEXT_FESVLT202_02219_TODO_09",""
"34","TEXT_FESVLT202_02219_TODO_10",""
"35","TEXT_FESVLT202_02219_TODO_11",""
"36","TEXT_FESVLT202_02219_TODO_12",""
"37","TEXT_FESVLT202_02219_TODO_13",""
"38","TEXT_FESVLT202_02219_TODO_14",""
"39","TEXT_FESVLT202_02219_TODO_15",""
"40","TEXT_FESVLT202_02219_TODO_16",""
"41","TEXT_FESVLT202_02219_TODO_17",""
"42","TEXT_FESVLT202_02219_TODO_18",""
"43","TEXT_FESVLT202_02219_TODO_19",""
"44","TEXT_FESVLT202_02219_TODO_20",""
"45","TEXT_FESVLT202_02219_TODO_21",""
"46","TEXT_FESVLT202_02219_TODO_22",""
"47","TEXT_FESVLT202_02219_TODO_23",""
"48","TEXT_FESVLT202_02219_MISSIONARY02219_000_000","非常感謝您的協助！<hex:02100103>那麼事不宜遲，就由我來對注意事項進行一下說明。"
"49","TEXT_FESVLT202_02219_MISSIONARY02219_000_001","首先，<hex:02100103>需要熱戀大使以兩人為一對組成小隊。"
"50","TEXT_FESVLT202_02219_MISSIONARY02219_100_001","之後，找到在這艦尾樓的3名占卜師，<hex:02100103>分別讓她們進行冒險機緣、寶藏運勢和愛情姻緣<hex:02100103>這三項占卜。"
"51","TEXT_FESVLT202_02219_MISSIONARY02219_000_002","要進行占卜，首先請戴上剛才交給您的<hex:02280AFF054974656DF1350103><hex:02100103>或者<hex:02280BFF054974656DF233F30103>，來證明您熱戀大使的身份。"
"52","TEXT_FESVLT202_02219_MISSIONARY02219_100_002","在這種狀態下將這張<hex:022811FF0A4576656E744974656DF61E8C120103><hex:02100103>給各種不同的占卜師看，她們就會為您占卜了！"
"53","TEXT_FESVLT202_02219_MISSIONARY02219_000_003","<hex:022811FF0A4576656E744974656DF61E8C120103>裡面<hex:02100103>記錄著大家的名字、種族、性別等各種各樣的資訊。<hex:02100103>而這些資訊正是決定占卜結果的關鍵……"
"54","TEXT_FESVLT202_02219_MISSIONARY02219_000_004","好了，注意事項就這麼多。<hex:02100103>難得有如此盛大的活動，<hex:02100103>希望熱戀大使您也能從中享受到節日的樂趣！"
"55","TEXT_FESVLT202_02219_SYSTEM_000_005","在進行占卜前，需要先組成2人小隊。"
"56","TEXT_FESVLT202_02219_SYSTEM_000_006","請在此基礎上裝備<hex:02280AFF054974656DF1350103>或<hex:02280BFF054974656DF233F30103>，<hex:02100103>然後與占卜師進行對話。"
"57","TEXT_FESVLT202_02219_SYSTEM_100_007","另外，任務過程中需要與同伴裝備不同的耳墜。<hex:02100103>兩人裝備的耳墜相同時會無法進行任務，敬請注意。"
"58","TEXT_FESVLT202_02219_MISSIONARY02219_000_007","在接受占卜時，需要組成2人一組的小隊。<hex:02100103>除此之外，請不要忘記戴上<hex:02280AFF054974656DF1350103><hex:02100103>或<hex:02280BFF054974656DF233F30103>。"
"59","TEXT_FESVLT202_02219_MISSIONARY02219_100_007","還有，請別忘記給占卜師們看<hex:022811FF0A4576656E744974656DF61E8C120103>！"
"60","TEXT_FESVLT202_02219_SYSTEM_000_008","在進行占卜前，需要先組成2人小隊。"
"61","TEXT_FESVLT202_02219_SYSTEM_000_009","請在此基礎上裝備<hex:02280AFF054974656DF1350103>或<hex:02280BFF054974656DF233F30103>，<hex:02100103>然後與占卜師進行對話。"
"62","TEXT_FESVLT202_02219_SYSTEM_110_009","另外，任務過程中需要與同伴裝備不同的耳墜。<hex:02100103>兩人裝備的耳墜相同時會無法進行任務，敬請注意。"
"63","TEXT_FESVLT202_02219_MISSIONARY02219_100_009","哎呀，熱戀大使您來了！<hex:02100103>如果您還想占卜，請到這邊來，<hex:02100103>和同伴盡情享受占卜的樂趣吧！"
"64","TEXT_FESVLT202_02219_MISSIONARY02219_000_126","（★未使用／削除予定★）"
"65","TEXT_FESVLT202_02219_SYSTEM_000_127","在進行占卜前，需要先組成2人小隊。"
"66","TEXT_FESVLT202_02219_SYSTEM_000_128","請在此基礎上裝備<hex:02280AFF054974656DF1350103>或<hex:02280BFF054974656DF233F30103>，<hex:02100103>然後與占卜師進行對話。"
"67","TEXT_FESVLT202_02219_SYSTEM_100_128","另外，任務過程中需要與同伴裝備不同的耳墜。<hex:02100103>兩人裝備的耳墜相同時會無法進行任務，敬請注意。"
"68","TEXT_FESVLT202_02219_TREASURELUCKTELLER2219_000_010","哎呀呀，兩位……<hex:02100103>要不要來占卜一下「寶藏運勢」，看看你們邂逅寶藏的可能性？<hex:02100103>畢竟俗話說得好，財盡緣分斷嘛……"
"69","TEXT_FESVLT202_02219_TREASURELUCKTELLER2219_100_010","哎呀呀，你沒有和別人組成兩人小隊啊。<hex:02100103>等你找到同伴了，再一起組隊來找我吧。"
"70","TEXT_FESVLT202_02219_SYSTEM_100_010","小隊隊員相距太遠，<hex:02100103>無法進行任務。"
"71","TEXT_FESVLT202_02219_SYSTEM_100_011","有隊員沒有裝備指定的<hex:02280AFF054974656DF1350103><hex:02100103>或<hex:02280BFF054974656DF233F30103>，無法進行任務。"
"72","TEXT_FESVLT202_02219_TREASURELUCKTELLER2219_000_011","來來來，讓我看看……<hex:02100103>這位<hex:02280AFF0552616365E9480103>的<hex:020813E905FF07E5B08FE5A790FF07E5B08FE593A503>，<hex:02100103>你的冒險是從<hex:02280AFF05546F776EE9470103>開始的對吧？"
"73","TEXT_FESVLT202_02219_TREASURELUCKTELLER2219_000_012","然後呢，你的同伴是……<hex:02100103>哎呀哎呀，這樣啊，從誕生月來看的話……<hex:02100103>……我已經看到了，你們的寶藏機緣！"
"74","TEXT_FESVLT202_02219_TREASURELUCKTELLER2219_000_013","兩位即將迎來一陣黃金之風啊！<hex:02100103>尤其是推薦你們去拉諾西亞的水邊，<hex:02100103>找一個適合的地方怡然自得地享受垂釣之樂！"
"75","TEXT_FESVLT202_02219_TREASURELUCKTELLER2219_000_014","如果還沒有試過的話，不如以此為契機去嘗試一下吧。<hex:02100103>你的幸運色是<hex:020924E947FF0AE89C82E89C9CE9BB83FF0AE78EABE791B0E7B289FF0AE5A696E7B2BEE7B6A003>……<hex:02100103>把喜歡的衣服染成幸運色的話或許會很有效果呢。"
"76","TEXT_FESVLT202_02219_TREASURELUCKTELLER2219_000_015","兩位即將迎來一陣黃金之風啊！<hex:02100103>尤其是推薦你們一起去森林中尋找良材，<hex:02100103>揮下手斧來砍伐樹木！"
"77","TEXT_FESVLT202_02219_TREASURELUCKTELLER2219_000_016","經營木材生意也同樣可以帶動財運！<hex:02100103>你的幸運色是<hex:020924E947FF0AE78EABE791B0E7B289FF0AE5A696E7B2BEE7B6A0FF0AE89C82E89C9CE9BB8303>……<hex:02100103>把喜歡的衣服染成幸運色的話或許會很有效果呢。"
"78","TEXT_FESVLT202_02219_TREASURELUCKTELLER2219_000_017","兩位即將迎來一陣黃金之風啊！<hex:02100103>尤其是推薦你們一起去<hex:02091BE947FF07E88D92E9878EFF07E6B5B7E9828AFF07E6A3AEE69E9703>尋找石場，<hex:02100103>揮動鶴嘴鋤，共同挑戰採掘工作！"
"79","TEXT_FESVLT202_02219_TREASURELUCKTELLER2219_000_018","在岩石的縫隙中間，或許能發現意料之外的寶藏哦！<hex:02100103>你的幸運色是<hex:020924E947FF0AE5A696E7B2BEE7B6A0FF0AE89C82E89C9CE9BB83FF0AE78EABE791B0E7B28903>……<hex:02100103>把喜歡的衣服染成幸運色的話或許會很有效果呢。"
"80","TEXT_FESVLT202_02219_TREASURELUCKTELLER2219_000_019","（★未使用／削除予定★）"
"81","TEXT_FESVLT202_02219_TREASURELUCKTELLER2219_000_020","（★未使用／削除予定★）"
"82","TEXT_FESVLT202_02219_TREASURELUCKTELLER2219_000_021","兩位即將迎來一陣黃金之風啊！<hex:02100103>尤其是推薦你們一起搭乘飛空艇，<hex:02100103>前往金碟遊樂場玩個痛快！"
"83","TEXT_FESVLT202_02219_TREASURELUCKTELLER2219_000_022","我有預感，無論是什麼遊樂項目，其中都暗藏著幸運和寶藏！<hex:02100103>你的幸運色是<hex:020924E947FF0AE89084E4B9BEE6A395FF0AE887BAE59CB0E7B485FF0AE789A7E88D89E7B6A003>……<hex:02100103>把喜歡的衣服染成幸運色的話或許會很有效果呢。"
"84","TEXT_FESVLT202_02219_TREASURELUCKTELLER2219_000_023","怎麼說呢，占卜的結果說不上很好，但也不壞……<hex:02100103>如果兩位想要提高邂逅寶物的機率的話，<hex:02100103>建議你們去薩納蘭的水邊挑戰一下釣魚。"
"85","TEXT_FESVLT202_02219_TREASURELUCKTELLER2219_000_024","兩人共同食用海鮮食品也會很有效果！<hex:02100103>另外，你的幸運色是<hex:020924E947FF0AE78C9BE8B1B9E9BB83FF0AE6B2BCE6BEA4E7B6A0FF0AE990B5E98FBDE6A39503>……<hex:02100103>穿上這個顏色的服飾，運氣也會有所提升吧。"
"86","TEXT_FESVLT202_02219_TREASURELUCKTELLER2219_000_025","怎麼說呢，占卜的結果說不上很好，但也不壞……<hex:02100103>如果兩位想要提高邂逅寶物的機率的話，<hex:02100103>可以到拉諾西亞尋找良材並試著採伐。"
"87","TEXT_FESVLT202_02219_TREASURELUCKTELLER2219_000_026","新置辦一些木質家具或工具也會很有效果！<hex:02100103>另外，你的幸運色是<hex:020924E947FF0AE6B2BCE6BEA4E7B6A0FF0AE990B5E98FBDE6A395FF0AE78C9BE8B1B9E9BB8303>……<hex:02100103>穿上這個顏色的服飾，運氣也會有所提升吧。"
"88","TEXT_FESVLT202_02219_TREASURELUCKTELLER2219_000_027","怎麼說呢，占卜的結果說不上很好，但也不壞……<hex:02100103>如果兩位想要提高邂逅寶物的機率的話，<hex:02100103>就去黑衣森林的石場試著挑戰一下採掘吧。"
"89","TEXT_FESVLT202_02219_TREASURELUCKTELLER2219_000_028","在身上穿戴金屬或寶石製的物品也很有效果！<hex:02100103>另外，你的幸運色是<hex:020924E947FF0AE990B5E98FBDE6A395FF0AE78C9BE8B1B9E9BB83FF0AE6B2BCE6BEA4E7B6A003>……<hex:02100103>穿上這個顏色的服飾，運氣也會有所提升吧。"
"90","TEXT_FESVLT202_02219_TREASURELUCKTELLER2219_000_029","怎麼說呢，占卜的結果說不上很好，但也不壞……<hex:02100103>如果兩位想要提高邂逅寶物的機率的話，<hex:02100103>建議拿上寶物地圖，開啟你們的尋寶之旅。"
"91","TEXT_FESVLT202_02219_TREASURELUCKTELLER2219_000_030","就算一開始不太順利，只要堅持下去就會有好結果！<hex:02100103>另外，你的幸運色是<hex:020924E947FF0AE8988BE69E9CE7B6A0FF0AE9AAB8E9AAA8E799BDFF0AE88B94E8989AE7B6A003>……<hex:02100103>穿上這個顏色的服飾，運氣也會有所提升吧。"
"92","TEXT_FESVLT202_02219_TREASURELUCKTELLER2219_000_031","（★未使用／削除予定★）"
"93","TEXT_FESVLT202_02219_TREASURELUCKTELLER2219_000_032","（★未使用／削除予定★）"
"94","TEXT_FESVLT202_02219_TREASURELUCKTELLER2219_000_033","哎呀呀，真是糟糕得不忍直視……<hex:02100103>可以考慮去黑衣森林釣釣魚，在楣運離開之前，<hex:02100103>只有像潛伏於河底的魚那樣忍耐下去了……"
"95","TEXT_FESVLT202_02219_TREASURELUCKTELLER2219_000_034","另外要對海鮮食品多加注意……<hex:02100103>誤食的話，有可能造成食物中毒等各種糟糕的情況。<hex:02100103>準備一些<hex:020924E947FF0AE5A5B6E6B2B9E9BB83FF0AE6A8B9E79AAEE6A395FF0AE9AEADE9AD9AE7B28903>色的物品，或許能幫你驅除噩運。"
"96","TEXT_FESVLT202_02219_TREASURELUCKTELLER2219_000_035","哎呀呀，真是糟糕得不忍直視……<hex:02100103>可以考慮去薩納蘭砍砍樹，在楣運離開之前，<hex:02100103>只有像隨風搖擺的柳樹那樣忍耐下去了……"
"97","TEXT_FESVLT202_02219_TREASURELUCKTELLER2219_000_036","另外要對木製品多加注意……<hex:02100103>因為座椅壞掉結果受重傷的可能性也不是沒有。<hex:02100103>準備一些<hex:020924E947FF0AE6A8B9E79AAEE6A395FF0AE9AEADE9AD9AE7B289FF0AE5A5B6E6B2B9E9BB8303>色的物品，或許能幫你驅除噩運。"
"98","TEXT_FESVLT202_02219_TREASURELUCKTELLER2219_000_037","哎呀呀，真是糟糕得不忍直視……<hex:02100103>可以考慮在拉諾西亞採採礦，在楣運離開之前，<hex:02100103>只有像不動如山的大岩石那樣忍耐下去了……"
"99","TEXT_FESVLT202_02219_TREASURELUCKTELLER2219_000_038","另外要對寶石飾品多加注意……<hex:02100103>說不定會有戒指上的寶石脫落之類的重大損失。<hex:02100103>準備一些<hex:020924E947FF0AE5A5B6E6B2B9E9BB83FF0AE6A8B9E79AAEE6A395FF0AE9AEADE9AD9AE7B28903>色的物品，或許能幫你驅除噩運。"
"100","TEXT_FESVLT202_02219_TREASURELUCKTELLER2219_000_039","哎呀呀，真是糟糕得不忍直視……<hex:02100103>特別是尋寶的成果，還是不要過於期待為好。<hex:02100103>比起一夜暴富的美夢，一點一滴地積累財富才是最好的。"
"101","TEXT_FESVLT202_02219_TREASURELUCKTELLER2219_000_040","可以堅持做做公會理符的任務，<hex:02100103>在楣運過去之前儘量忍耐，你看怎麼樣？<hex:02100103>準備一些<hex:020924E947FF0AE99D92E6AAB8E7B6A0FF0AE78DB5E4BABAE7B6A0FF0AE6A984E6AC96E7B6A003>色的物品，或許能幫你驅除噩運。"
"102","TEXT_FESVLT202_02219_TREASURELUCKTELLER2219_000_041","哎呀呀，真是糟糕得不忍直視……<hex:02100103>我只能忠告你們千萬不要去金碟遊樂場揮霍無度。<hex:02100103>極有可能將努力蓄積起來的金碟幣輸得一乾二淨！"
"103","TEXT_FESVLT202_02219_TREASURELUCKTELLER2219_000_042","站在撒溝厲沙漠南邊遠眺金碟遊樂場，<hex:02100103>在楣運過去之前儘量忍耐，你看怎麼樣？<hex:02100103>準備一些<hex:020924E947FF0AE78DB5E4BABAE7B6A0FF0AE6A984E6AC96E7B6A0FF0AE99D92E6AAB8E7B6A003>色的物品，或許能幫你驅除噩運。"
"104","TEXT_FESVLT202_02219_ADVENTURELUCKTELLER2219_000_043","我比較擅長關於冒險運勢的占卜……<hex:02100103>也就是「冒險機緣」的占卜。<hex:02100103>想知道自己作為冒險者，與對方的契合度如何嗎？"
"105","TEXT_FESVLT202_02219_ADVENTURELUCKTELLER2219_100_043","你好像沒有配對呢。<hex:02100103>先去找個同伴，再一起來我這裡吧。"
"106","TEXT_FESVLT202_02219_ADVENTURELUCKTELLER2219_000_044","我明白了，那麼就讓我來看一看吧。<hex:02100103>首先從你開始……<hex:02100103>……從事<hex:02280EFF09436C6173734A6F62E9450103>職業的<hex:02280AFF0552616365E9480103>冒險者……"
"107","TEXT_FESVLT202_02219_ADVENTURELUCKTELLER2219_000_045","那麼你的同伴是什麼樣的呢……<hex:02100103>……哎呀，是這麼一回事啊……<hex:02100103>你們的緣分和運勢，我已經看清楚了！"
"108","TEXT_FESVLT202_02219_ADVENTURELUCKTELLER2219_000_046","這個結果真的是太棒了呢！<hex:02100103>你們作為冒險者的緣分真是出類拔萃。<hex:02100103>看樣子應該是受到了海洋神利姆萊茵的祝福啊。"
"109","TEXT_FESVLT202_02219_ADVENTURELUCKTELLER2219_000_047","就是說，在海上冒險的話會有好事發生！<hex:02100103>直覺告訴我，在遙遠南洋的謝爾達萊群島之上，<hex:02100103>有一場精彩的冒險正等待著你們！"
"110","TEXT_FESVLT202_02219_ADVENTURELUCKTELLER2219_000_048","恭喜你們！<hex:02100103>商貿之神納爾札爾正對你們展露微笑。<hex:02100103>不論你們正在遭受什麼樣的不幸，都會有巨大的幸福隨之而來。"
"111","TEXT_FESVLT202_02219_ADVENTURELUCKTELLER2219_000_049","看樣子，在地底冒險的話會有好事發生！<hex:02100103>似乎是在地底深處，一處充滿了古代睿智的地方……<hex:02100103>在那裡將會有一場驚心動魄的大冒險！"
"112","TEXT_FESVLT202_02219_ADVENTURELUCKTELLER2219_000_050","恭喜你們！<hex:02100103>戰神哈羅妮向你們伸出了援助之手。<hex:02100103>擋在兩位面前的高牆，很快就會變成暢通無阻的大道。"
"113","TEXT_FESVLT202_02219_ADVENTURELUCKTELLER2219_000_051","占卜的結果告訴我，在雲海的盡頭，<hex:02100103>某些風景優美的群島上，可以爭取到巨大的榮耀……<hex:02100103>似乎需要乘坐飛空艇哦！"
"114","TEXT_FESVLT202_02219_ADVENTURELUCKTELLER2219_000_052","恭喜你們！<hex:02100103>知識之神沙利亞克為二位準備了幸福的時間。<hex:02100103>你們吵架吵得越凶，就越容易獲得巨大的成功呢。"
"115","TEXT_FESVLT202_02219_ADVENTURELUCKTELLER2219_000_053","看樣子，在廢都薩雷安正有一場<hex:02100103>宏大的冒險之旅等待著二位！<hex:02100103>我可以預見到那裡會有一場令人感動的重逢！"
"116","TEXT_FESVLT202_02219_ADVENTURELUCKTELLER2219_000_054","恭喜你們！<hex:02100103>就連行星神妮美雅都在為二位加油鼓勁。<hex:02100103>只要你們齊心協力，沒有打不倒的強敵。"
"117","TEXT_FESVLT202_02219_ADVENTURELUCKTELLER2219_000_055","我看到了在無數冒險之旅的盡頭，<hex:02100103>有蘊藏著偉大意志的武器在等著你們！<hex:02100103>一定可以編織出新的傳說！"
"118","TEXT_FESVLT202_02219_ADVENTURELUCKTELLER2219_000_056","看樣子你們的緣分還不錯呢。<hex:02100103>在漂浮於海面上的孤島冒險的話，會有好事發生，<hex:02100103>但是一旦大意，可能會有不祥之事插足進來！"
"119","TEXT_FESVLT202_02219_ADVENTURELUCKTELLER2219_000_057","在出發之前，二位可以去一趟利姆薩．羅敏薩的<hex:02100103>利姆萊茵秘石那裡，祈禱冒險的成功。<hex:02100103>冒險時將魚類作為護身符帶在身上也是極好的！"
"120","TEXT_FESVLT202_02219_ADVENTURELUCKTELLER2219_000_058","阿澤瑪的天平似乎保持著均衡。<hex:02100103>在地底深處的冒險顯示出了吉兆，<hex:02100103>但能否達成目的，還要看二位是否齊心協力了。"
"121","TEXT_FESVLT202_02219_ADVENTURELUCKTELLER2219_000_059","在出發之前，二位可以去一趟烏爾達哈的<hex:02100103>納爾札爾秘石那裡，祈禱冒險的成功。<hex:02100103>冒險時將寶石作為護身符帶在身上也是極好的！"
"122","TEXT_FESVLT202_02219_ADVENTURELUCKTELLER2219_000_060","工藝之神比爾格會幫忙添磚加瓦鞏固你們之間的關係。<hex:02100103>如果你們在雲海群島上的冒險遭遇了困難，<hex:02100103>不要灰心放棄，要堅信自己離成功已經不遠了。"
"123","TEXT_FESVLT202_02219_ADVENTURELUCKTELLER2219_000_061","在出發之前，二位可以去一趟庫爾札斯中央高地的<hex:02100103>哈羅妮秘石那裡，祈禱冒險的成功。<hex:02100103>冒險時將長槍作為護身符帶在身上也是極好的！"
"124","TEXT_FESVLT202_02219_ADVENTURELUCKTELLER2219_000_062","諾菲卡說，即使二位之間矛盾不斷，也無須擔心。<hex:02100103>現在正是為了讓成功開花結果而不斷探尋的時期。<hex:02100103>就算在廢都薩雷安如何勞碌困頓，也不要輕言放棄哦。"
"125","TEXT_FESVLT202_02219_ADVENTURELUCKTELLER2219_000_063","在出發之前，二位可以去一趟摩杜納的<hex:02100103>沙利亞克秘石那裡，祈禱冒險的成功。<hex:02100103>冒險時將貝類作為護身符帶在身上也是極好的！"
"126","TEXT_FESVLT202_02219_ADVENTURELUCKTELLER2219_000_064","梅茵菲娜為能看到兩位的齊心協力而欣喜。<hex:02100103>只要在創造武器的冒險之路上繼續努力，<hex:02100103>等到雙月盈滿之時，成功也會接踵而至吧。"
"127","TEXT_FESVLT202_02219_ADVENTURELUCKTELLER2219_000_065","在出發之前，二位可以去一趟黑衣森林南部林區的<hex:02100103>比爾格秘石那裡，祈禱冒險的成功。<hex:02100103>冒險時將錘子作為護身符帶在身上也是極好的！"
"128","TEXT_FESVLT202_02219_ADVENTURELUCKTELLER2219_000_066","這個結果……真是再糟糕不過了……<hex:02100103>看樣子你們被海洋神利姆萊茵所拋棄，<hex:02100103>如果出海冒險，恐怕有碰上船隻遇難的風險啊。"
"129","TEXT_FESVLT202_02219_ADVENTURELUCKTELLER2219_000_067","這樣一來只有前往拉諾西亞的奧修昂秘石那裡，<hex:02100103>向山嶽神奧修昂祈禱冒險之旅能夠平安無事……<hex:02100103>不要勉強出海，以內陸地區為目標進行冒險比較好吧。"
"130","TEXT_FESVLT202_02219_ADVENTURELUCKTELLER2219_000_068","阿澤瑪的天平已經失衡，給予二位的是危險的審判。<hex:02100103>看樣子你們被商貿之神納爾札爾所拋棄，<hex:02100103>如果深入地底，恐怕有碰上地洞崩塌而遇難的風險呢。"
"131","TEXT_FESVLT202_02219_ADVENTURELUCKTELLER2219_000_069","這樣一來只有前往薩納蘭的阿澤瑪秘石那裡，<hex:02100103>向太陽神阿澤瑪祈禱冒險之旅能夠平安無事……<hex:02100103>在陽光照耀下的地方冒險應該會比較安全哦。"
"132","TEXT_FESVLT202_02219_ADVENTURELUCKTELLER2219_000_070","占卜的結果暗示著你們似乎觸怒了拉爾戈。<hex:02100103>看樣子你們被戰神哈羅妮所拋棄，<hex:02100103>如果在雲海冒險的話，需要做出有所犧牲的覺悟哦。"
"133","TEXT_FESVLT202_02219_ADVENTURELUCKTELLER2219_000_071","這樣一來只有前往庫爾札斯的梅茵菲娜秘石那裡，<hex:02100103>向月亮神梅茵菲娜祈禱冒險之旅能夠平安無事……<hex:02100103>比起有勇無謀的探索，還是優先考慮人身的安全吧。"
"134","TEXT_FESVLT202_02219_ADVENTURELUCKTELLER2219_000_072","二位被捲入了阿爾基克所設計的陰謀之中啊。<hex:02100103>看樣子你們被知識神沙利亞克所拋棄，<hex:02100103>我感覺到在薩雷安的某處，危險正在等待著你們的到來。"
"135","TEXT_FESVLT202_02219_ADVENTURELUCKTELLER2219_000_073","這樣一來只有前往拉諾西亞的妮美雅秘石那裡，<hex:02100103>向行星神妮美雅祈禱冒險之旅能夠平安無事……<hex:02100103>比起打倒強敵，要更優先保證同伴的安全才是啊。"
"136","TEXT_FESVLT202_02219_ADVENTURELUCKTELLER2219_000_074","哈羅妮在二位的冒險旅程中布下了種種試煉。<hex:02100103>看樣子你們被工藝神比爾格所拋棄，<hex:02100103>要做好在創造武器之路上遭遇嚴峻考驗的心理準備。"
"137","TEXT_FESVLT202_02219_ADVENTURELUCKTELLER2219_000_075","這樣一來只有前往薩納蘭的拉爾戈秘石那裡，<hex:02100103>向破壞神拉爾戈祈禱冒險之旅能夠平安無事……<hex:02100103>重要的是切勿焦躁，一點一滴腳踏實地地去挑戰。"
"138","TEXT_FESVLT202_02219_COMPATIBILITYLUCKTELLER2219_000_076","我是「愛情姻緣」的占卜師，從來不會專揀好聽的說！<hex:02100103>要是不介意的話，我就給你占卜。<hex:02100103>怎麼樣，要不要給你們兩個占卜一下「愛情姻緣」？"
"139","TEXT_FESVLT202_02219_COMPATIBILITYLUCKTELLER2219_100_076","我說你啊，怎麼沒有跟人組成兩人小隊啊。<hex:02100103>帶上你的同伴一起來啊！"
"140","TEXT_FESVLT202_02219_COMPATIBILITYLUCKTELLER2219_000_077","好嘞，那就讓我來好好給你們瞧瞧！<hex:02100103>……哦，你是<hex:020987E950FF0AE6989FE4B880E69C88FF0AE99D88E4B880E69C88FF0AE6989FE4BA8CE69C88FF0AE99D88E4BA8CE69C88FF0AE6989FE4B889E69C88FF0AE99D88E4B889E69C88FF0AE6989FE59B9BE69C88FF0AE99D88E59B9BE69C88FF0AE6989FE4BA94E69C88FF0AE99D88E4BA94E69C88FF0AE6989FE585ADE69C88FF0AE99D88E585ADE69C8803>出生的對吧？<hex:02100103>負責該月運行的主神是<hex:020996E950FF0AE59388E7BE85E5A6AEFF0DE6A285E88CB5E88FB2E5A89CFF0DE6B299E588A9E4BA9EE5858BFF0AE5A6AEE7BE8EE99B85FF0DE588A9E5A786E8908AE88CB5FF0AE5A5A7E4BFAEE69882FF0AE6AF94E788BEE6A0BCFF0AE68B89E788BEE68888FF0AE998BFE6BEA4E791AAFF0DE7B48DE788BEE69CADE788BEFF0AE8ABBEE88FB2E58DA1FF0DE998BFE788BEE59FBAE5858B03>，這樣的話……"
"141","TEXT_FESVLT202_02219_COMPATIBILITYLUCKTELLER2219_000_078","和你同伴的誕生月結合起來的話……<hex:02100103>……噢噢，這樣啊，原來如此……<hex:02100103>……你們的緣分應該就是這樣了！"
"142","TEXT_FESVLT202_02219_COMPATIBILITYLUCKTELLER2219_000_079","你們倆就好像命運共同體一樣，簡直是天造地設的一對啊。<hex:02100103>在你的同伴看來，<hex:0209F201DFE950FF1FE4BDA0E698AFE5808BE580BCE5BE97E4BFA1E8B3B4E79A84E5A5BDE4BABAFF25E4BDA0E698AFE5808BE58FAFE4BBA5E79BA1E68385E69292E5AC8CE79A84E5B08DE8B1A1FF2BE4BDA0E698AFE5808BE8B6B3E4BBA5E8A897E4BB98E5BE8CE8838CE79A84E58FAFE99DA0E4B98BE4BABAFF1CE4BDA0E7B0A1E79BB4E58FAFE6849BE5BE97E4B88DE5BE97E4BA86FF25E4BDA0E7B0A1E79BB4E4BBA4E4BABAE999B6E98689E5BE97E99BA3E4BBA5E887AAE68B94FF25E593AAE68095E8A2ABE4BDA0E79C8BE588B0E79DA1E88789E4B99FE784A1E68980E8AC82FF25E4BDA0E698AFE5808BE58FAFE4BBA5E694BEE9AC86E8ADA6E68395E79A84E5B08DE8B1A1FF28E4BDA0E698AFE5808BE58FAFE4BBA5E4BBA5E68BB3E4BAA4E5BF83E79A84E5A5BDE5B08DE6898BFF28E4BDA0E698AFE5808BE580BCE5BE97E582BEE8A8B4E79C9FE5BF83E79A84E5A5BDE881BDE79CBEFF2EE4BDA0E58091E5B0B1E5838FE8A6AAE58584E5BC9FE5A790E5A6B9E4B880E6A8A3E8A6AAE5AF86E784A1E99693FF25E4BDA0E58091E5B0B1E5838FE690ADE6AA94E4B880E6A8A3E4BA92E79BB8E4BFA1E8B3B4FF34E4BDA0E698AFE982A3E9BABCE7A780E889B2E58FAFE9A490EFBC8CE79C9FE683B3E68A8AE4BDA0E4B880E58FA3E59083E68E89>。<hex:02100103>不過可別因為這樣就飄飄然，忽視對方的感受哦？"
"143","TEXT_FESVLT202_02219_COMPATIBILITYLUCKTELLER2219_000_080","作為一個<hex:020961E948FF07E4BABAE6978FFF0AE7B2BEE99D88E6978FFF10E68B89E68B89E88FB2E788BEE6978FFF0AE8B293E9AD85E6978FFF0AE9ADAFE58AA0E6978FFF0AE69596E9BE8DE6978FFF0AE7A18CE78D85E6978FFF0DE7B6ADE59F83E68B89E6978F03><hex:020813E905FF07E5A5B3E680A7FF07E794B7E680A703>，就應該穿上合身的衣裝讓對方開心。<hex:02100103>如果連這點程度的關心和體貼都做不到，<hex:02100103>重要的伴侶可是會離你而去的！"
"144","TEXT_FESVLT202_02219_COMPATIBILITYLUCKTELLER2219_000_081","你們倆就好像命運共同體一樣，簡直是天造地設的一對啊。<hex:02100103>在你的同伴看來，<hex:0209F201DFE950FF1CE4BDA0E7B0A1E79BB4E58FAFE6849BE5BE97E4B88DE5BE97E4BA86FF25E4BDA0E7B0A1E79BB4E4BBA4E4BABAE999B6E98689E5BE97E99BA3E4BBA5E887AAE68B94FF25E593AAE68095E8A2ABE4BDA0E79C8BE588B0E79DA1E88789E4B99FE784A1E68980E8AC82FF25E4BDA0E698AFE5808BE58FAFE4BBA5E694BEE9AC86E8ADA6E68395E79A84E5B08DE8B1A1FF28E4BDA0E698AFE5808BE58FAFE4BBA5E4BBA5E68BB3E4BAA4E5BF83E79A84E5A5BDE5B08DE6898BFF28E4BDA0E698AFE5808BE580BCE5BE97E582BEE8A8B4E79C9FE5BF83E79A84E5A5BDE881BDE79CBEFF2EE4BDA0E58091E5B0B1E5838FE8A6AAE58584E5BC9FE5A790E5A6B9E4B880E6A8A3E8A6AAE5AF86E784A1E99693FF25E4BDA0E58091E5B0B1E5838FE690ADE6AA94E4B880E6A8A3E4BA92E79BB8E4BFA1E8B3B4FF34E4BDA0E698AFE982A3E9BABCE7A780E889B2E58FAFE9A490EFBC8CE79C9FE683B3E68A8AE4BDA0E4B880E58FA3E59083E68E89FF1FE4BDA0E698AFE5808BE580BCE5BE97E4BFA1E8B3B4E79A84E5A5BDE4BABAFF25E4BDA0E698AFE5808BE58FAFE4BBA5E79BA1E68385E69292E5AC8CE79A84E5B08DE8B1A1FF2BE4BDA0E698AFE5808BE8B6B3E4BBA5E8A897E4BB98E5BE8CE8838CE79A84E58FAFE99DA0E4B98BE4BABA>。<hex:02100103>不過可別因為這樣就飄飄然，忽視對方的感受哦？"
"145","TEXT_FESVLT202_02219_COMPATIBILITYLUCKTELLER2219_000_082","你們<hex:020961E948FF07E4BABAE6978FFF0AE7B2BEE99D88E6978FFF10E68B89E68B89E88FB2E788BEE6978FFF0AE8B293E9AD85E6978FFF0AE9ADAFE58AA0E6978FFF0AE69596E9BE8DE6978FFF0AE7A18CE78D85E6978FFF0DE7B6ADE59F83E68B89E6978F03>的特色菜<hex:020982E948FF0DE89C82E89C9CE9AC86E9A485FF0AE795AAE88C84E6B4BEFF10E5BF83E5BDA2E89DB4E89DB6E9A485FF19E8B293E9AD85E9A2A8E591B3E5B1B1E78F8DE4B8B2E78792FF0DE58C85E5BF83E79498E8978DFF10E6B8A1E6B8A1E9B3A5E783A4E88289FF0DE5B1B1E7BE8AE88289E68E92FF0DE7858EE99B9EE6B2B9E88F8C03>，<hex:02100103>偶爾也要拿給對方嘗嘗才是啊！<hex:02100103>那可是你重要的伴侶，可不能輕易放跑了！"
"146","TEXT_FESVLT202_02219_COMPATIBILITYLUCKTELLER2219_000_083","你們倆就好像命運共同體一樣，簡直是天造地設的一對啊。<hex:02100103>在你的同伴看來，<hex:0209F201DFE950FF25E4BDA0E698AFE5808BE58FAFE4BBA5E694BEE9AC86E8ADA6E68395E79A84E5B08DE8B1A1FF28E4BDA0E698AFE5808BE58FAFE4BBA5E4BBA5E68BB3E4BAA4E5BF83E79A84E5A5BDE5B08DE6898BFF28E4BDA0E698AFE5808BE580BCE5BE97E582BEE8A8B4E79C9FE5BF83E79A84E5A5BDE881BDE79CBEFF2EE4BDA0E58091E5B0B1E5838FE8A6AAE58584E5BC9FE5A790E5A6B9E4B880E6A8A3E8A6AAE5AF86E784A1E99693FF25E4BDA0E58091E5B0B1E5838FE690ADE6AA94E4B880E6A8A3E4BA92E79BB8E4BFA1E8B3B4FF34E4BDA0E698AFE982A3E9BABCE7A780E889B2E58FAFE9A490EFBC8CE79C9FE683B3E68A8AE4BDA0E4B880E58FA3E59083E68E89FF1FE4BDA0E698AFE5808BE580BCE5BE97E4BFA1E8B3B4E79A84E5A5BDE4BABAFF25E4BDA0E698AFE5808BE58FAFE4BBA5E79BA1E68385E69292E5AC8CE79A84E5B08DE8B1A1FF2BE4BDA0E698AFE5808BE8B6B3E4BBA5E8A897E4BB98E5BE8CE8838CE79A84E58FAFE99DA0E4B98BE4BABAFF1CE4BDA0E7B0A1E79BB4E58FAFE6849BE5BE97E4B88DE5BE97E4BA86FF25E4BDA0E7B0A1E79BB4E4BBA4E4BABAE999B6E98689E5BE97E99BA3E4BBA5E887AAE68B94FF25E593AAE68095E8A2ABE4BDA0E79C8BE588B0E79DA1E88789E4B99FE784A1E68980E8AC82>。<hex:02100103>不過可別因為這樣就飄飄然，忽視對方的感受哦？"
"147","TEXT_FESVLT202_02219_COMPATIBILITYLUCKTELLER2219_000_084","你和<hex:02280AFF05546F776EE9470103>這座城市很有緣吧？<hex:02100103>這樣的話，偶爾帶對方到<hex:02092AE947FF07E98CA8E5A0B4FF10E7A2A7E4BC81E9B59DE78091E5B883FF0DE9BB83E98791E5BBA3E5A0B403>去，<hex:02100103>在那裡促膝長談聊聊知心話，你們的感情一定會更加牢固的！"
"148","TEXT_FESVLT202_02219_COMPATIBILITYLUCKTELLER2219_000_085","你們倆就好像命運共同體一樣，簡直是天造地設的一對啊。<hex:02100103>在你的同伴看來，<hex:0209F201DFE950FF2EE4BDA0E58091E5B0B1E5838FE8A6AAE58584E5BC9FE5A790E5A6B9E4B880E6A8A3E8A6AAE5AF86E784A1E99693FF25E4BDA0E58091E5B0B1E5838FE690ADE6AA94E4B880E6A8A3E4BA92E79BB8E4BFA1E8B3B4FF34E4BDA0E698AFE982A3E9BABCE7A780E889B2E58FAFE9A490EFBC8CE79C9FE683B3E68A8AE4BDA0E4B880E58FA3E59083E68E89FF1FE4BDA0E698AFE5808BE580BCE5BE97E4BFA1E8B3B4E79A84E5A5BDE4BABAFF25E4BDA0E698AFE5808BE58FAFE4BBA5E79BA1E68385E69292E5AC8CE79A84E5B08DE8B1A1FF2BE4BDA0E698AFE5808BE8B6B3E4BBA5E8A897E4BB98E5BE8CE8838CE79A84E58FAFE99DA0E4B98BE4BABAFF1CE4BDA0E7B0A1E79BB4E58FAFE6849BE5BE97E4B88DE5BE97E4BA86FF25E4BDA0E7B0A1E79BB4E4BBA4E4BABAE999B6E98689E5BE97E99BA3E4BBA5E887AAE68B94FF25E593AAE68095E8A2ABE4BDA0E79C8BE588B0E79DA1E88789E4B99FE784A1E68980E8AC82FF25E4BDA0E698AFE5808BE58FAFE4BBA5E694BEE9AC86E8ADA6E68395E79A84E5B08DE8B1A1FF28E4BDA0E698AFE5808BE58FAFE4BBA5E4BBA5E68BB3E4BAA4E5BF83E79A84E5A5BDE5B08DE6898BFF28E4BDA0E698AFE5808BE580BCE5BE97E582BEE8A8B4E79C9FE5BF83E79A84E5A5BDE881BDE79CBE>。<hex:02100103>不過可別因為這樣就飄飄然，忽視對方的感受哦？"
"149","TEXT_FESVLT202_02219_COMPATIBILITYLUCKTELLER2219_000_086","你是個<hex:02280EFF09436C6173734A6F62E9450103>對吧？<hex:02100103>那你可得發揮你的實力，盡力從旁支持對方啊。<hex:02100103>可別讓這麼投緣的同伴逃掉了！"
"150","TEXT_FESVLT202_02219_COMPATIBILITYLUCKTELLER2219_000_087","你們倆就好像命運共同體一樣，簡直是天造地設的一對啊。<hex:02100103>在你的同伴看來，<hex:0209F201DFE950FF25E4BDA0E58091E5B0B1E5838FE690ADE6AA94E4B880E6A8A3E4BA92E79BB8E4BFA1E8B3B4FF34E4BDA0E698AFE982A3E9BABCE7A780E889B2E58FAFE9A490EFBC8CE79C9FE683B3E68A8AE4BDA0E4B880E58FA3E59083E68E89FF1FE4BDA0E698AFE5808BE580BCE5BE97E4BFA1E8B3B4E79A84E5A5BDE4BABAFF25E4BDA0E698AFE5808BE58FAFE4BBA5E79BA1E68385E69292E5AC8CE79A84E5B08DE8B1A1FF2BE4BDA0E698AFE5808BE8B6B3E4BBA5E8A897E4BB98E5BE8CE8838CE79A84E58FAFE99DA0E4B98BE4BABAFF1CE4BDA0E7B0A1E79BB4E58FAFE6849BE5BE97E4B88DE5BE97E4BA86FF25E4BDA0E7B0A1E79BB4E4BBA4E4BABAE999B6E98689E5BE97E99BA3E4BBA5E887AAE68B94FF25E593AAE68095E8A2ABE4BDA0E79C8BE588B0E79DA1E88789E4B99FE784A1E68980E8AC82FF25E4BDA0E698AFE5808BE58FAFE4BBA5E694BEE9AC86E8ADA6E68395E79A84E5B08DE8B1A1FF28E4BDA0E698AFE5808BE58FAFE4BBA5E4BBA5E68BB3E4BAA4E5BF83E79A84E5A5BDE5B08DE6898BFF28E4BDA0E698AFE5808BE580BCE5BE97E582BEE8A8B4E79C9FE5BF83E79A84E5A5BDE881BDE79CBEFF2EE4BDA0E58091E5B0B1E5838FE8A6AAE58584E5BC9FE5A790E5A6B9E4B880E6A8A3E8A6AAE5AF86E784A1E99693>。<hex:02100103>不過可別因為這樣就飄飄然，忽視對方的感受哦？"
"151","TEXT_FESVLT202_02219_COMPATIBILITYLUCKTELLER2219_000_088","努力成為配得上對方的<hex:020813E905FF07E5A5B3E680A7FF07E794B7E680A703>——<hex:02100103>如果互相抱有這樣的想法，你們就一定能登得更高，走得更遠！<hex:02100103>要記住啊，重要的是不忘初心。"
"152","TEXT_FESVLT202_02219_COMPATIBILITYLUCKTELLER2219_000_089","你們之間的緣分一般般吧，不好也不壞。<hex:02100103>在你的同伴看來，<hex:0209F201A3E950FF25E4BDA0E58091E58FAAE883BDE7AE97E5BE97E4B88AE698AFE5908CE4BA8BE9979CE4BF82FF22E4BDA0E5A49AE5B091E69C83E8AE93E5B08DE696B9E69C89E68980E9A1A7E685AEFF22E4BDA0E4B8A6E4B88DE698AFE5808BE5A5BDE79A84E4BAA4E6B581E5B08DE8B1A1FF22E4BDA0E58091E4B98BE99693E98284E6B292E69C89E6959EE9968BE5BF83E68989FF25E4BDA0E58FAAE698AFE4B880E5808BE4BE86E88085E4B88DE68B92E79A84E5B08DE8B1A1FF19E4BDA0E58091E5B0B1E5838FE984B0E5B185E4B880E6A8A3FF2BE4BDA0E7B8BDE69C83E4BBA4E4BABAE7958FE687BCEFBC8CE4BDBFE4BABAE6849FE588B0E68B98E8ACB9FF1FE7B8BDE698AFE99C80E8A681E5B08DE4BDA0E5AF9FE8A880E8A780E889B2FF1FE4BDA0E58091E79A84E9979CE4BF82E58FAAE698AFE4B880E888ACE888ACFF2BE4BDA0E4B8A6E6B292E69C89E4BB80E9BABCE789B9E588A5E590B8E5BC95E4BABAE79A84E9AD85E58A9BFF1FE4BDA0E58FAAE698AFE4B880E5808BE699AEE9809AE79A84E7869FE4BABAFF19E4BDA0E58FAAE698AFE4B880E5808BE8B7AFE4BABAE794B2>。<hex:02100103>不過不要著急，從力所能及的地方慢慢開始改善關係吧！"
"153","TEXT_FESVLT202_02219_COMPATIBILITYLUCKTELLER2219_000_090","作為一個<hex:020961E948FF07E4BABAE6978FFF0AE7B2BEE99D88E6978FFF10E68B89E68B89E88FB2E788BEE6978FFF0AE8B293E9AD85E6978FFF0AE9ADAFE58AA0E6978FFF0AE69596E9BE8DE6978FFF0AE7A18CE78D85E6978FFF0DE7B6ADE59F83E68B89E6978F03><hex:020813E905FF07E5A5B3E680A7FF07E794B7E680A703>，<hex:02100103>如果想要和對方建立起更深的關係，<hex:02100103>就努力加油讓自己成為配得上對方的人吧！"
"154","TEXT_FESVLT202_02219_COMPATIBILITYLUCKTELLER2219_000_091","你們之間的緣分一般般吧，不好也不壞。<hex:02100103>在你的同伴看來，<hex:0209F201A3E950FF25E4BDA0E58091E58FAAE883BDE7AE97E5BE97E4B88AE698AFE5908CE4BA8BE9979CE4BF82FF22E4BDA0E5A49AE5B091E69C83E8AE93E5B08DE696B9E69C89E68980E9A1A7E685AEFF22E4BDA0E4B8A6E4B88DE698AFE5808BE5A5BDE79A84E4BAA4E6B581E5B08DE8B1A1FF22E4BDA0E58091E4B98BE99693E98284E6B292E69C89E6959EE9968BE5BF83E68989FF25E4BDA0E58FAAE698AFE4B880E5808BE4BE86E88085E4B88DE68B92E79A84E5B08DE8B1A1FF19E4BDA0E58091E5B0B1E5838FE984B0E5B185E4B880E6A8A3FF2BE4BDA0E7B8BDE69C83E4BBA4E4BABAE7958FE687BCEFBC8CE4BDBFE4BABAE6849FE588B0E68B98E8ACB9FF1FE7B8BDE698AFE99C80E8A681E5B08DE4BDA0E5AF9FE8A880E8A780E889B2FF1FE4BDA0E58091E79A84E9979CE4BF82E58FAAE698AFE4B880E888ACE888ACFF2BE4BDA0E4B8A6E6B292E69C89E4BB80E9BABCE789B9E588A5E590B8E5BC95E4BABAE79A84E9AD85E58A9BFF1FE4BDA0E58FAAE698AFE4B880E5808BE699AEE9809AE79A84E7869FE4BABAFF19E4BDA0E58FAAE698AFE4B880E5808BE8B7AFE4BABAE794B2>。<hex:02100103>不過不要著急，從力所能及的地方慢慢開始改善關係吧！"
"155","TEXT_FESVLT202_02219_COMPATIBILITYLUCKTELLER2219_000_092","可以考慮在對方的誕生月到來時<hex:02100103>挑選一些適合的飾品送給對方。<hex:02100103>這樣一來你們的關係一定會更進一步的！"
"156","TEXT_FESVLT202_02219_COMPATIBILITYLUCKTELLER2219_000_093","你們之間的緣分一般般吧，不好也不壞。<hex:02100103>在你的同伴看來，<hex:0209F201A3E950FF25E4BDA0E58091E58FAAE883BDE7AE97E5BE97E4B88AE698AFE5908CE4BA8BE9979CE4BF82FF22E4BDA0E5A49AE5B091E69C83E8AE93E5B08DE696B9E69C89E68980E9A1A7E685AEFF22E4BDA0E4B8A6E4B88DE698AFE5808BE5A5BDE79A84E4BAA4E6B581E5B08DE8B1A1FF22E4BDA0E58091E4B98BE99693E98284E6B292E69C89E6959EE9968BE5BF83E68989FF25E4BDA0E58FAAE698AFE4B880E5808BE4BE86E88085E4B88DE68B92E79A84E5B08DE8B1A1FF19E4BDA0E58091E5B0B1E5838FE984B0E5B185E4B880E6A8A3FF2BE4BDA0E7B8BDE69C83E4BBA4E4BABAE7958FE687BCEFBC8CE4BDBFE4BABAE6849FE588B0E68B98E8ACB9FF1FE7B8BDE698AFE99C80E8A681E5B08DE4BDA0E5AF9FE8A880E8A780E889B2FF1FE4BDA0E58091E79A84E9979CE4BF82E58FAAE698AFE4B880E888ACE888ACFF2BE4BDA0E4B8A6E6B292E69C89E4BB80E9BABCE789B9E588A5E590B8E5BC95E4BABAE79A84E9AD85E58A9BFF1FE4BDA0E58FAAE698AFE4B880E5808BE699AEE9809AE79A84E7869FE4BABAFF19E4BDA0E58FAAE698AFE4B880E5808BE8B7AFE4BABAE794B2>。<hex:02100103>不過不要著急，從力所能及的地方慢慢開始改善關係吧！"
"157","TEXT_FESVLT202_02219_COMPATIBILITYLUCKTELLER2219_000_094","你可以請客去吃<hex:020939E947FF16E7BE85E898ADE88E93E4B9B3E985AAE89B8BE7B395FF0DE896A9E8B5ABE89B8BE7B395FF10E784A1E88AB1E69E9CE5A5B6E5878D03>！<hex:02100103>偶爾請對方吃一些甜食的話，好感度一定會上升很多吧。<hex:02100103>對方和你緣分尚可，今後要怎麼發展就看你的了！"
"158","TEXT_FESVLT202_02219_COMPATIBILITYLUCKTELLER2219_000_095","（★未使用／削除予定★）"
"159","TEXT_FESVLT202_02219_COMPATIBILITYLUCKTELLER2219_000_096","（★未使用／削除予定★）"
"160","TEXT_FESVLT202_02219_COMPATIBILITYLUCKTELLER2219_000_097","你們之間的緣分一般般吧，不好也不壞。<hex:02100103>在你的同伴看來，<hex:0209F201A3E950FF25E4BDA0E58091E58FAAE883BDE7AE97E5BE97E4B88AE698AFE5908CE4BA8BE9979CE4BF82FF22E4BDA0E5A49AE5B091E69C83E8AE93E5B08DE696B9E69C89E68980E9A1A7E685AEFF22E4BDA0E4B8A6E4B88DE698AFE5808BE5A5BDE79A84E4BAA4E6B581E5B08DE8B1A1FF22E4BDA0E58091E4B98BE99693E98284E6B292E69C89E6959EE9968BE5BF83E68989FF25E4BDA0E58FAAE698AFE4B880E5808BE4BE86E88085E4B88DE68B92E79A84E5B08DE8B1A1FF19E4BDA0E58091E5B0B1E5838FE984B0E5B185E4B880E6A8A3FF2BE4BDA0E7B8BDE69C83E4BBA4E4BABAE7958FE687BCEFBC8CE4BDBFE4BABAE6849FE588B0E68B98E8ACB9FF1FE7B8BDE698AFE99C80E8A681E5B08DE4BDA0E5AF9FE8A880E8A780E889B2FF1FE4BDA0E58091E79A84E9979CE4BF82E58FAAE698AFE4B880E888ACE888ACFF2BE4BDA0E4B8A6E6B292E69C89E4BB80E9BABCE789B9E588A5E590B8E5BC95E4BABAE79A84E9AD85E58A9BFF1FE4BDA0E58FAAE698AFE4B880E5808BE699AEE9809AE79A84E7869FE4BABAFF19E4BDA0E58FAAE698AFE4B880E5808BE8B7AFE4BABAE794B2>。<hex:02100103>不過不要著急，從力所能及的地方慢慢開始改善關係吧！"
"161","TEXT_FESVLT202_02219_COMPATIBILITYLUCKTELLER2219_000_098","你和<hex:02280AFF05546F776EE9470103>這座城市很有緣吧？<hex:02100103>那樣的話，就去<hex:020939E947FF10E4BFBEE696AFE9BAA5E9A490E5BBB3FF13E5B7B4E696AFE58DA1E99A86E98592E5AEB6FF10E98791E5BAABE99D88E69FA9E4BAAD03>吃頓飯吧，<hex:02100103>你們邊吃邊聊，一定能縮短彼此間的距離！"
"162","TEXT_FESVLT202_02219_COMPATIBILITYLUCKTELLER2219_000_099","像你們倆這樣糟糕的緣分還真是罕見……<hex:02100103>在你的同伴看來，<hex:0209F201DCE950FF2BE4BDA0E58091E4B98BE99693E79A84E9979CE4BF82E7B0A1E79BB4E698AFE6B0B4E781ABE4B88DE5AEB9FF25E5928CE4BDA0E79BB8E89995E69982E5AEB9E4B88DE5BE97E4B880E7B5B2E9A6ACE8998EFF16E4BDA0E5B0B1E698AFE4B880E5808BE5A881E88485FF34E4BDA0E698AFE4B880E5808BE79BB8E89995E69982E7B595E4B88DE883BDE694BEE9AC86E8ADA6E68395E79A84E8A792E889B2FF1FE4BDA0E698AFE4B880E5808BE683B9E4BABAE58EADE79A84E582A2E4BC99FF22E8B79FE4BDA0E59CA8E4B880E8B5B7E7B0A1E79BB4E5A682E59D90E9879DE6B088FF37E4BDA0E698AFE5808BE980A3E5A49AE79C8BE4B880E79CBCE88789E983BDE69C83E8A6BAE5BE97E58EADE785A9E79A84E8A792E889B2FF25E5928CE4BDA0E59CA8E4B880E8B5B7E69C83E8AE93E4BABAE6849FE8A6BAE5BE88E7B4AFFF22E4BDA0E6B8BEE8BAABE4B88AE4B88BE6AFABE784A1E9AD85E58A9BE58FAFE8A880FF22E4BDA0E58091E79A84E884BEE6B0A3E4B880E9BB9EE983BDE59088E4B88DE4BE86FF2BE4BDA0E58091E6ADA3E89995E59CA8E4BA92E79BB8E7968FE981A0E79A84E586B7E688B0E99A8EE6AEB5FF28E4BDA0E58091E5B7B2E7B693E698AFE58F8DE79BAEE68890E4BB87E79A84E586A4E5AEB6E4BA86>。<hex:02100103>我建議你們還是絕交為好……不過如果實在是想改善關係的話……"
"163","TEXT_FESVLT202_02219_COMPATIBILITYLUCKTELLER2219_000_100","首先應該作為一個<hex:020813E905FF07E5A5B3E4BABAFF07E794B7E4BABA03>，<hex:02100103>試著和你的伴侶敞開心扉，從相互傾訴內心想法開始做起。<hex:02100103>俗話說千里之行始於足下嘛！"
"164","TEXT_FESVLT202_02219_COMPATIBILITYLUCKTELLER2219_000_101","像你們倆這樣糟糕的緣分還真是罕見……<hex:02100103>在你的同伴看來，<hex:0209F201DCE950FF2BE4BDA0E58091E4B98BE99693E79A84E9979CE4BF82E7B0A1E79BB4E698AFE6B0B4E781ABE4B88DE5AEB9FF25E5928CE4BDA0E79BB8E89995E69982E5AEB9E4B88DE5BE97E4B880E7B5B2E9A6ACE8998EFF16E4BDA0E5B0B1E698AFE4B880E5808BE5A881E88485FF34E4BDA0E698AFE4B880E5808BE79BB8E89995E69982E7B595E4B88DE883BDE694BEE9AC86E8ADA6E68395E79A84E8A792E889B2FF1FE4BDA0E698AFE4B880E5808BE683B9E4BABAE58EADE79A84E582A2E4BC99FF22E8B79FE4BDA0E59CA8E4B880E8B5B7E7B0A1E79BB4E5A682E59D90E9879DE6B088FF37E4BDA0E698AFE5808BE980A3E5A49AE79C8BE4B880E79CBCE88789E983BDE69C83E8A6BAE5BE97E58EADE785A9E79A84E8A792E889B2FF25E5928CE4BDA0E59CA8E4B880E8B5B7E69C83E8AE93E4BABAE6849FE8A6BAE5BE88E7B4AFFF22E4BDA0E6B8BEE8BAABE4B88AE4B88BE6AFABE784A1E9AD85E58A9BE58FAFE8A880FF22E4BDA0E58091E79A84E884BEE6B0A3E4B880E9BB9EE983BDE59088E4B88DE4BE86FF2BE4BDA0E58091E6ADA3E89995E59CA8E4BA92E79BB8E7968FE981A0E79A84E586B7E688B0E99A8EE6AEB5FF28E4BDA0E58091E5B7B2E7B693E698AFE58F8DE79BAEE68890E4BB87E79A84E586A4E5AEB6E4BA86>。<hex:02100103>不過，改善緣分的方法也不是沒有。"
"165","TEXT_FESVLT202_02219_COMPATIBILITYLUCKTELLER2219_000_102","你需要重新審視一下你們的關係。<hex:02100103>是不是把自己身為<hex:020961E948FF07E4BABAE6978FFF0AE7B2BEE99D88E6978FFF10E68B89E68B89E88FB2E788BEE6978FFF0AE8B293E9AD85E6978FFF0AE9ADAFE58AA0E6978FFF0AE69596E9BE8DE6978FFF0AE7A18CE78D85E6978FFF0DE7B6ADE59F83E68B89E6978F03>的人生觀強加在對方身上了？<hex:02100103>尊重對方的立場和意見也是非常重要的啊。"
"166","TEXT_FESVLT202_02219_COMPATIBILITYLUCKTELLER2219_000_103","像你們倆這樣糟糕的緣分還真是罕見……<hex:02100103>在你的同伴看來，<hex:0209F201DCE950FF2BE4BDA0E58091E4B98BE99693E79A84E9979CE4BF82E7B0A1E79BB4E698AFE6B0B4E781ABE4B88DE5AEB9FF25E5928CE4BDA0E79BB8E89995E69982E5AEB9E4B88DE5BE97E4B880E7B5B2E9A6ACE8998EFF16E4BDA0E5B0B1E698AFE4B880E5808BE5A881E88485FF34E4BDA0E698AFE4B880E5808BE79BB8E89995E69982E7B595E4B88DE883BDE694BEE9AC86E8ADA6E68395E79A84E8A792E889B2FF1FE4BDA0E698AFE4B880E5808BE683B9E4BABAE58EADE79A84E582A2E4BC99FF22E8B79FE4BDA0E59CA8E4B880E8B5B7E7B0A1E79BB4E5A682E59D90E9879DE6B088FF37E4BDA0E698AFE5808BE980A3E5A49AE79C8BE4B880E79CBCE88789E983BDE69C83E8A6BAE5BE97E58EADE785A9E79A84E8A792E889B2FF25E5928CE4BDA0E59CA8E4B880E8B5B7E69C83E8AE93E4BABAE6849FE8A6BAE5BE88E7B4AFFF22E4BDA0E6B8BEE8BAABE4B88AE4B88BE6AFABE784A1E9AD85E58A9BE58FAFE8A880FF22E4BDA0E58091E79A84E884BEE6B0A3E4B880E9BB9EE983BDE59088E4B88DE4BE86FF2BE4BDA0E58091E6ADA3E89995E59CA8E4BA92E79BB8E7968FE981A0E79A84E586B7E688B0E99A8EE6AEB5FF28E4BDA0E58091E5B7B2E7B693E698AFE58F8DE79BAEE68890E4BB87E79A84E586A4E5AEB6E4BA86>。<hex:02100103>不過，改善緣分的方法也不是沒有。"
"167","TEXT_FESVLT202_02219_COMPATIBILITYLUCKTELLER2219_000_104","比如，你可以帶上你的同伴，<hex:02100103>再去<hex:02093BE947FF13E6B299E696AFE5A194E5A48FE6BAB6E6B49EFF15E5A194E5A786C2B7E5A194E68B89E5A293E59C92FF0DE98A85E988B4E98A85E5B1B103>冒險看看。<hex:02100103>如果能讓對方回憶起初為冒險者時的初心，或許還有一絲轉機。"
"168","TEXT_FESVLT202_02219_COMPATIBILITYLUCKTELLER2219_000_105","像你們倆這樣糟糕的緣分還真是罕見……<hex:02100103>在你的同伴看來，<hex:0209F201DCE950FF2BE4BDA0E58091E4B98BE99693E79A84E9979CE4BF82E7B0A1E79BB4E698AFE6B0B4E781ABE4B88DE5AEB9FF25E5928CE4BDA0E79BB8E89995E69982E5AEB9E4B88DE5BE97E4B880E7B5B2E9A6ACE8998EFF16E4BDA0E5B0B1E698AFE4B880E5808BE5A881E88485FF34E4BDA0E698AFE4B880E5808BE79BB8E89995E69982E7B595E4B88DE883BDE694BEE9AC86E8ADA6E68395E79A84E8A792E889B2FF1FE4BDA0E698AFE4B880E5808BE683B9E4BABAE58EADE79A84E582A2E4BC99FF22E8B79FE4BDA0E59CA8E4B880E8B5B7E7B0A1E79BB4E5A682E59D90E9879DE6B088FF37E4BDA0E698AFE5808BE980A3E5A49AE79C8BE4B880E79CBCE88789E983BDE69C83E8A6BAE5BE97E58EADE785A9E79A84E8A792E889B2FF25E5928CE4BDA0E59CA8E4B880E8B5B7E69C83E8AE93E4BABAE6849FE8A6BAE5BE88E7B4AFFF22E4BDA0E6B8BEE8BAABE4B88AE4B88BE6AFABE784A1E9AD85E58A9BE58FAFE8A880FF22E4BDA0E58091E79A84E884BEE6B0A3E4B880E9BB9EE983BDE59088E4B88DE4BE86FF2BE4BDA0E58091E6ADA3E89995E59CA8E4BA92E79BB8E7968FE981A0E79A84E586B7E688B0E99A8EE6AEB5FF28E4BDA0E58091E5B7B2E7B693E698AFE58F8DE79BAEE68890E4BB87E79A84E586A4E5AEB6E4BA86>。<hex:02100103>不過，改善緣分的方法也不是沒有。"
"169","TEXT_FESVLT202_02219_COMPATIBILITYLUCKTELLER2219_000_106","你要好好回憶一下，捫心自問，身為一名<hex:02280EFF09436C6173734A6F62E9450103>，你是否履行並完成了自己的職責？<hex:02100103>一分耕耘一分收穫，重要的是孜孜不倦地努力啊！"
"170","TEXT_FESVLT202_02219_COMPATIBILITYLUCKTELLER2219_000_107","像你們倆這樣糟糕的緣分還真是罕見……<hex:02100103>在你的同伴看來，<hex:0209F201DCE950FF2BE4BDA0E58091E4B98BE99693E79A84E9979CE4BF82E7B0A1E79BB4E698AFE6B0B4E781ABE4B88DE5AEB9FF25E5928CE4BDA0E79BB8E89995E69982E5AEB9E4B88DE5BE97E4B880E7B5B2E9A6ACE8998EFF16E4BDA0E5B0B1E698AFE4B880E5808BE5A881E88485FF34E4BDA0E698AFE4B880E5808BE79BB8E89995E69982E7B595E4B88DE883BDE694BEE9AC86E8ADA6E68395E79A84E8A792E889B2FF1FE4BDA0E698AFE4B880E5808BE683B9E4BABAE58EADE79A84E582A2E4BC99FF22E8B79FE4BDA0E59CA8E4B880E8B5B7E7B0A1E79BB4E5A682E59D90E9879DE6B088FF37E4BDA0E698AFE5808BE980A3E5A49AE79C8BE4B880E79CBCE88789E983BDE69C83E8A6BAE5BE97E58EADE785A9E79A84E8A792E889B2FF25E5928CE4BDA0E59CA8E4B880E8B5B7E69C83E8AE93E4BABAE6849FE8A6BAE5BE88E7B4AFFF22E4BDA0E6B8BEE8BAABE4B88AE4B88BE6AFABE784A1E9AD85E58A9BE58FAFE8A880FF22E4BDA0E58091E79A84E884BEE6B0A3E4B880E9BB9EE983BDE59088E4B88DE4BE86FF2BE4BDA0E58091E6ADA3E89995E59CA8E4BA92E79BB8E7968FE981A0E79A84E586B7E688B0E99A8EE6AEB5FF28E4BDA0E58091E5B7B2E7B693E698AFE58F8DE79BAEE68890E4BB87E79A84E586A4E5AEB6E4BA86>。<hex:02100103>不過，改善緣分的方法也不是沒有。"
"171","TEXT_FESVLT202_02219_COMPATIBILITYLUCKTELLER2219_000_108","你和<hex:02280AFF05546F776EE9470103>這座城市很有緣吧？<hex:02100103>那樣的話，就去<hex:020930E947FF10E6B289E6BABAE6B5B7E8B19AE4BAADFF10E9AD94E5A5B3E59296E595A1E9A4A8FF0AE6B581E6B299E5B18B03>幫幫陷入麻煩的新人冒險者吧。<hex:02100103>要記住啊，重要的是不忘初心！"
"172","TEXT_FESVLT202_02219_MISSIONARY02219_000_120","歡迎您回來。占卜的結果如何呢？<hex:02100103>就算結果令人遺憾，也不要太過於失落了。"
"173","TEXT_FESVLT202_02219_MISSIONARY02219_000_121","對了對了！<hex:02100103>由於熱戀大使您的幫助，<hex:02100103>之前那些駐足圍觀的人們也陸續前來占卜了！"
"174","TEXT_FESVLT202_02219_MISSIONARY02219_000_122","以占卜為契機，兩人之間的交流就會更加頻繁，<hex:02100103>一定能夠從中催生出各式各樣的愛情！<hex:02100103>真的是非常感謝您的幫忙！"
"175","TEXT_FESVLT202_02219_MISSIONARY02219_000_123","如果您還想繼續占卜，就請跟我打一聲招呼吧。<hex:02100103>我會重新將<hex:022811FF0A4576656E744974656DF61E8C120103>交給您。"
"176","TEXT_FESVLT202_02219_MISSIONARY02219_000_124","……話說回來，莉賽特小姐之前似乎在找您，<hex:02100103>好像是有什麼事情想要拜託熱戀大使……<hex:02100103>您能去找她談談，聽她說說是什麼事嗎？"
"177","TEXT_FESVLT202_02219_MISSIONARY02219_000_129","歡迎您回來。占卜的結果如何呢？<hex:02100103>就算結果令人遺憾，也不要太過於失落了。"
"178","TEXT_FESVLT202_02219_MISSIONARY02219_000_130","如果您還想繼續占卜，就請跟我打一聲招呼吧。<hex:02100103>我會重新將<hex:022811FF0A4576656E744974656DF61E8C120103>交給您。"
